dob	sex	id	gt_original	age_wks	gt
8/17/20	M	69823.1	Tg26372/Tg26372 ZH3/ZH3	8	Tg26372 hom
8/17/20	M	69823.2	Tg26372/Tg26372 ZH3/ZH3	8	Tg26372 hom
8/17/20	M	69823.3	Tg26372/Tg26372 ZH3/ZH3	8	Tg26372 hom
6/23/20	M	71636.2	Tg25109 hom	16	Tg25109 hom
6/23/20	M	71636.4	Tg25109 hom	16	Tg25109 hom
7/10/20	F	72800.3	Tg25109 hom	13	Tg25109 hom
7/12/20	M	72808.1	Tg25109 hom	13	Tg25109 hom
7/20/20	M	72829.1	wt	12	wild-type
7/20/20	M	72829.2	wt	12	wild-type
7/20/20	M	72829.3	ZH3/ZH3	12	-/-
7/20/20	F	73523.1	non-Tg, ZH3/ZH3	12	-/-
7/20/20	F	73523.2	Tg25109 het	12	Tg25109 het
7/20/20	F	73523.3	Tg25109 het	12	Tg25109 het
7/20/20	F	73523.4	Tg25109 het	12	Tg25109 het
8/8/20	M	73539.3	Tg25109 hom, ZH3/ZH3	9	Tg25109 hom
8/8/20	M	73539.4	Tg25109 hom, ZH3/ZH3	9	Tg25109 hom
8/8/20	M	73539.5	Tg25109 hom, ZH3/ZH3	9	Tg25109 hom
8/9/20	F	73542.4	wt	9	wild-type
8/9/20	F	73542.5	wt	9	wild-type
8/10/20	F	73545.1	ZH3/+	9	+/-
8/10/20	F	73545.2	ZH3/ZH3	9	-/-
8/10/20	F	73545.3	wt	9	wild-type
8/17/20	F	73956.1	Tg26372/Tg26372 ZH3/ZH3	8	Tg26372 hom
8/17/20	F	73956.2	Tg26372/Tg26372 ZH3/ZH3	8	Tg26372 hom
8/17/20	F	73956.3	Tg26372/Tg26372 ZH3/ZH3	8	Tg26372 hom
8/19/20	M	74431.1	Tg26372 het, ZH3/ZH3	8	Tg26372 het
8/19/20	M	74431.2	Tg26372 het, ZH3/ZH3	8	Tg26372 het
8/19/20	F	74432.1	Tg26372 het, ZH3/ZH3	8	Tg26372 het
8/19/20	F	74432.2	Tg26372 het, ZH3/ZH3	8	Tg26372 het
8/19/20	F	74432.3	Tg26372 het, ZH3/ZH3	8	Tg26372 het
7/20/20	F	75321.1	ZH3/+	12	+/-
7/20/20	F	75321.2	ZH3/+	12	+/-
7/20/20	F	75321.3	ZH3/ZH3	12	-/-
7/20/20	M	75322.1	non-Tg, ZH3/ZH3	12	-/-
7/20/20	M	75322.2	Tg25109 het	12	Tg25109 het
7/20/20	M	75322.3	Tg25109 het	12	Tg25109 het
